Task,With_Stopwords_Accuracy,Without_Stopwords_Accuracy,Improvement,Best_Alpha,Best_Asymmetric,Best_Accuracy
T1,0.8571428571428571,0.8687258687258688,0.011583011583011671,0.5,False,0.87001287001287
T2,0.964824120603015,0.9660804020100503,0.0012562814070352646,0.1,False,0.9673366834170855
T3,0.9043698543381887,0.915769474350855,0.011399620012666256,0.5,False,0.9189360354654845
T4,0.9163179916317992,0.9218967921896792,0.00557880055788007,0.1,False,0.9302649930264993
T5,0.931615460852329,0.9410307234886026,0.00941526263627357,0.1,True,0.945986124876115
